Envrionment	COUNT
Cold seep	0.589254766
Hydrothermal vent	0.021450021
Seawater	0.198745197
Trench	0.267505901
CCFZ	1.447935921
