Name,Classified,Unclassified
All,86.62969809,13.37030191
Sediment,86.57927591,13.42072409
Nodule,65.47861507,34.52138493
